{
    "0": {
        "0": {
            "maxReward": -447.93187273595703,
            "avg": -447.93187273595703,
            "route": [
                0.2981059560493349,
                0.32975173711573685,
                0.35773736768636694,
                0.8621665092993898,
                0.3366194997091995,
                0.31037546726907717,
                0.3500269563114099,
                0.32096514990433983,
                0.3181844758387222,
                0.8490274331905787,
                0.8071955362582106,
                0.09303096210123406,
                0.33020154317770645,
                0.35838924113941273,
                0.35295925355472274,
                0.3559526170535747,
                0.04037074310154513,
                0.34180224350991245,
                0.8805623762900454,
                0.8494345740277308,
                0.3802970381034628,
                0.3317279861245052,
                0.3588783309314953,
                0.838063715351145,
                0.3014905217419179
            ]
        }
    }
}