{
    "0": {
        "0": {
            "maxReward": -671.2999766240227,
            "avg": -671.2999766240227,
            "route": [
                0.2560321533524379,
                0.22731898482591661,
                0.26086005701496473,
                0.9512141757022374,
                0.26375271841014003,
                0.864961886652958,
                0.2379138559085613,
                0.7188553531340055,
                0.6326833520061893,
                0.6665150572267494,
                0.6690613523121529,
                0.7585964099587416,
                0.38793632478531115,
                0.2901510526582468,
                0.9353066695669506,
                0.9736568409150439,
                0.06333717803873129,
                0.38764331871073965,
                0.6078900672152822,
                0.760665619206977,
                0.8325716366349082,
                0.8234104111171127,
                0.7187632334044112,
                0.18190455164655506,
                0.36462985050139507,
                0.1576131235819278,
                0.4501488039982694
            ]
        }
    }
}