{
    "0": {
        "0": {
            "maxReward": -3861.3053985275005,
            "avg": -3861.3053985275005,
            "route": [
                [
                    0.4909449977760948,
                    0.702447866001095
                ],
                [
                    0.3248122845010307,
                    0.11392558984709578
                ],
                [
                    0.38728466350377055,
                    0.4257147055886109
                ],
                [
                    0.9480596280425412,
                    0.2886155775097775
                ],
                [
                    0.9430628598937307,
                    0.13008533881453244
                ],
                [
                    0.7609027721513503,
                    0.4454362461079753
                ],
                [
                    0.5131998053490908,
                    0.7657716456023562
                ],
                [
                    0.3618125747756784,
                    0.898280373372204
                ],
                [
                    0.20081694540823158,
                    0.3803779998681781
                ],
                [
                    0.3287098808885046,
                    0.5728860710043973
                ],
                [
                    0.23640530686386318,
                    0.37345936273740243
                ],
                [
                    0.8719230463983216,
                    0.29051809242233995
                ],
                [
                    0.618967932685536,
                    0.19863528842092226
                ],
                [
                    0.3063341244809734,
                    0.5442354951122087
                ],
                [
                    0.8742544017501462,
                    0.002037112003790642
                ],
                [
                    0.5000342648142503,
                    0.976644385230453
                ],
                [
                    0.4861423590572074,
                    0.7052500628350217
                ],
                [
                    0.45598473029809494,
                    0.40558737761757835
                ],
                [
                    0.06669364276012468,
                    0.5699673023091832
                ],
                [
                    0.7722807235733882,
                    0.9714839089711195
                ],
                [
                    0.17846788888578768,
                    0.36646067941014004
                ],
                [
                    0.23929244557195695,
                    0.4912840905067837
                ],
                [
                    0.41717577292868735,
                    0.4848964546238941
                ],
                [
                    0.1241729869850523,
                    0.3930169871648408
                ],
                [
                    0.06565559369167817,
                    0.597902837225451
                ],
                [
                    0.11986755255356452,
                    0.998522310861906
                ],
                [
                    0.2886579639371304,
                    0.404450795851263
                ],
                [
                    0.6118847131178693,
                    0.5443009799251886
                ],
                [
                    0.14965961488064172,
                    0.4598615223215796
                ],
                [
                    0.1258112251114234,
                    0.030382671884660373
                ],
                [
                    0.022080676621193618,
                    0.36750193738747006
                ],
                [
                    0.6865254528253559,
                    0.2683237872817613
                ],
                [
                    0.9335874843329066,
                    0.6419612223003395
                ],
                [
                    0.18982342188943502,
                    0.1235794755924533
                ],
                [
                    0.7045609681436545,
                    0.6804799228213474
                ],
                [
                    0.3520450049227285,
                    0.09915203548768414
                ],
                [
                    0.10944746754976686,
                    0.1678252857617747
                ],
                [
                    0.966027444103792,
                    0.44866419139754377
                ],
                [
                    0.21680745552997704,
                    0.11259556622759825
                ],
                [
                    0.4845697302449763,
                    0.3269184930421708
                ],
                [
                    0.8837472065437163,
                    0.08554547177435512
                ],
                [
                    0.3124964222801295,
                    0.36712356559589665
                ],
                [
                    0.4939438514748433,
                    0.11939132675767172
                ],
                [
                    0.24249501229646675,
                    0.9324746690230654
                ],
                [
                    0.2764911670515042,
                    0.5685409891337969
                ],
                [
                    0.15205283601735065,
                    0.7615756287330911
                ],
                [
                    0.1486811478358987,
                    0.18396303299107075
                ],
                [
                    0.2955000044873013,
                    0.5356612537094303
                ],
                [
                    0.36157502493097227,
                    0.6318887230854644
                ],
                [
                    0.7811443363593055,
                    0.25069366371815194
                ],
                [
                    0.7375146939318161,
                    0.43346225083397616
                ],
                [
                    0.23861762360790162,
                    0.9791640672778503
                ],
                [
                    0.5773817092336374,
                    0.5718284605658551
                ],
                [
                    0.42670735871400656,
                    0.8462907783174579
                ],
                [
                    0.8173298941699486,
                    0.9389244199130468
                ],
                [
                    0.3568890215315711,
                    0.696932824873685
                ],
                [
                    0.669778552766398,
                    0.8098459391049119
                ],
                [
                    0.22229001355626243,
                    0.6411727280428403
                ],
                [
                    0.06597775343009626,
                    0.9003550537366507
                ],
                [
                    0.4595278029764257,
                    0.2812277392931839
                ],
                [
                    0.33823353635978914,
                    0.05782917798911835
                ],
                [
                    0.7952743720816259,
                    0.8514747041609231
                ],
                [
                    0.7559940754587643,
                    0.518413565749884
                ],
                [
                    0.6010457653661723,
                    0.7503137831966749
                ],
                [
                    0.9012229330528031,
                    0.7616268593619554
                ],
                [
                    0.9595396747884553,
                    0.03372687983070577
                ],
                [
                    0.8085045672974149,
                    0.1571933850133126
                ],
                [
