{
    "Reward": 141.70283096946764,
    "ActionSeedTrace": [
        0.2515012198764903,
        0.7747127638484707,
        0.4795292028436571,
        0.5177836268258356,
        0.40379811447111236,
        0.37656654303852577,
        0.5234390073858098,
        0.4605264148156314,
        0.7869177378341952,
        0.414805853803785,
        0.6255974346201955,
        0.7734576041580681,
        0.46907109883326903,
        0.06216265898233264,
        0.1607610310605717,
        0.5456347375353018,
        0.5408339694815076,
        0.945286299125431,
        0.5110952014835409,
        0.45101407314793185,
        0.3741664039097218,
        0.612746612022158,
        0.6090702052619902,
        0.5278898555176306
    ],
    "Iteration": 364
}