{
    "Reward": -839.888726885981,
    "ActionSeedTrace": [
        0.5691504534605837,
        0.3950510097621761,
        0.6904380348181153,
        0.06827823487348372,
        0.875215226666226,
        0.7650481719261983,
        0.8302711457234239,
        0.4839001081987032,
        0.9198753462277849,
        0.9593173750877206,
        0.3032113972342857,
        0.9054889480520157,
        0.6486839981693848,
        0.7342087414836954,
        0.5653177337379739,
        0.4305440546909156,
        0.5095789170057381,
        0.3694097156382462,
        0.4214669961751507,
        0.48175395562495316,
        0.011044898882375254,
        0.6852366567356382,
        0.3163559434458414,
        0.7920631698897894,
        0.27867626239784704
    ],
    "Iteration": 0
}