{
    "Reward": -1313.5969589708347,
    "ActionSeedTrace": [
        0.6808084566829066,
        0.9699306480054559,
        0.8270911191982029,
        0.7829929641583119,
        0.8770455720521733,
        0.2518016710327411,
        0.42225920776519466,
        0.5002037663538473,
        0.07741266499674448,
        0.2653288826605741,
        0.23693025752661012,
        0.24361154122073592,
        0.8918923340026683,
        0.010576027075081096,
        0.7456541709950234,
        0.5584944190118335,
        0.2837897555779032,
        0.2267649609202399,
        0.9788129787279591,
        0.3757218374920561,
        0.0654211470140652,
        0.07694002094847652,
        0.111107707927528,
        0.8012189249682428,
        0.9996816299472805
    ],
    "Iteration": 0
}