{
    "Reward": -1341.0093576413612,
    "ActionSeedTrace": [
        0.2924546505322999,
        0.9984191131014009,
        0.6730334249197836,
        0.9709678398036411,
        0.15684373981545152,
        0.2487043187708563,
        0.7535032226836113,
        0.32635662820945965,
        0.8161060987302783,
        0.6216918546936494,
        0.9055904827561935,
        0.3590943892616485,
        0.03964123569083,
        0.87547876177171,
        0.6245747551536317,
        0.09182835923790689,
        0.7661591395144697,
        0.8503029958505887,
        0.6229958359583457,
        0.03400766889732454,
        0.15006355727141896,
        0.8488772144073643,
        0.08037593189115022,
        0.4407488364516642,
        0.7349765123351925
    ],
    "Iteration": 0
}