{
    "Reward": -2055.1622751911887,
    "ActionSeedTrace": [
        0.21718695586294468,
        0.7054807610801516,
        0.23655487898502048,
        0.3727812707099023,
        0.32923780968923433,
        0.300295363395671,
        0.04095369039759633,
        0.8212143995167795,
        0.3953449666227957,
        0.17235161192953807,
        0.2624462681111025,
        0.7272810645858311,
        0.9478647621784951,
        0.44528963179266756,
        0.10886330254654775,
        0.8505312396338118,
        0.2786065073512205,
        0.5459259798898684,
        0.8402416785106923,
        0.38962622204302166,
        0.30870269583872556,
        0.7002107498604028,
        0.27341167236209096,
        0.4778157329253667,
        0.5143391685703401
    ],
    "Iteration": 0
}