{
    "Reward": 124.45072687513617,
    "ActionSeedTrace": [
        0.9683021884470897,
        0.4380636932498079,
        0.2547367929302613,
        0.232452957787736,
        0.6590135477704939,
        0.41171032793131535,
        0.44239628072072623,
        0.46877103415750676,
        0.43692641700891843,
        0.7977028589423291,
        0.3978358043434157,
        0.3823458042875618,
        0.4646652723128285,
        0.25864599058649307,
        0.221030214138678
    ],
    "Iteration": 219
}