{
    "Reward": -4929.394034376221,
    "ActionSeedTrace": [
        0.395105371396685,
        0.7858718809145078,
        0.6975057127462352,
        0.7909927862075837,
        0.3615403418279518,
        0.7027584041907581,
        0.9359765113719746,
        0.3746794150741577,
        0.2851774964710474,
        0.008143233696353058,
        0.4296143509456283,
        0.45938578258297313,
        0.3486656415244431,
        0.011161407262841871,
        0.23841647543908306,
        0.8604149206573505,
        0.5373581273758686,
        0.43744223964722484,
        0.34572609350644856,
        0.510289738001686,
        0.7487287098605178,
        0.22650374766668213,
        0.8418183124911021,
        0.9479749759921711,
        0.8288923634885221
    ],
    "Iteration": 0
}