{
    "Reward": 156.64654052997903,
    "ActionSeedTrace": [
        0.9691781663710712,
        0.37247540373113375,
        0.05194138194865272,
        0.1766217420354499,
        0.44555903727093604,
        0.3073030133520894,
        0.35641234060731064,
        0.29410326524453567,
        0.5122871062389881,
        0.7775913723665132,
        0.369458289685309,
        0.13992930241550317,
        0.004832223113028999,
        0.029570801089647936,
        0.716721441320432,
        0.5807614280415477,
        0.28886981592998606,
        0.5674099250554596,
        0.10621308896503923,
        0.6920116865737895,
        0.9114410626477635,
        0.560052111055591,
        0.7572196173266825,
        0.9114410626477635,
        0.5833553591805076,
        0.46153173273847903,
        0.9114410626477635
    ],
    "Iteration": 1002
}