{
    "Reward": -1303.5099873788677,
    "ActionSeedTrace": [
        0.9590274948428217,
        0.6574943922185932,
        0.031784015242292685,
        0.8859947256588013,
        0.15606673825429163,
        0.10333793067459873,
        0.30111140394697566,
        0.905069096611244,
        0.7135833165921023,
        0.1895193550425669,
        0.29085730326772075,
        0.2299737466497188,
        0.8947248731098836,
        0.08773564802160316,
        0.7809960945917885,
        0.9531210580683386,
        0.01057690007910106,
        0.45415965855227125,
        0.8427667912037384,
        0.28950046364133597,
        0.5659505628227404,
        0.9340713644680128,
        0.018291144596986775,
        0.8184971233558479,
        0.7176132808575754
    ],
    "Iteration": 0
}