{
    "Reward": -1579.1445149853039,
    "ActionSeedTrace": [
        0.2310636075957342,
        0.11918960713998017,
        0.19023743854302577,
        0.9778851860562369,
        0.9941456724669049,
        0.26447505527837667,
        0.28370969405271895,
        0.7668505741450807,
        0.7369908784944134,
        0.5513440691379532,
        0.3806451014925417,
        0.5520072182785979,
        0.3796422680045516,
        0.6901823968163524,
        0.036754822763870654,
        0.2648862254827934,
        0.31500487046054915,
        0.8276564147091431,
        0.23648309782230825,
        0.8904259094535145,
        0.19106501144454402,
        0.8826596753732627,
        0.9692462912193056,
        0.2096299198248056,
        0.6290653171387149
    ],
    "Iteration": 0
}