{
    "Reward": -1731.0815102926472,
    "ActionSeedTrace": [
        0.6758572733531439,
        0.2714103198438068,
        0.19921270343529318,
        0.17503825083303393,
        0.8092936119297403,
        0.22739945646067883,
        0.019811846633078112,
        0.3493237926990571,
        0.4849898268394881,
        0.06277992136233457,
        0.372596486231507,
        0.6376712061151021,
        0.23073992468478954,
        0.39322791689950776,
        0.3572494597398552,
        0.055158246767628816,
        0.9845827543081694,
        0.2933401960836365,
        0.5568052316093813,
        0.47544402517604645,
        0.17408585187853742,
        0.11561805103068634,
        0.632690240645364,
        0.6170831879700364,
        0.6315289966632789
    ],
    "Iteration": 1050
}