{
    "Reward": -2367.7470812669458,
    "ActionSeedTrace": [
        0.26180647297372606,
        0.38206979793224083,
        0.30237169656833796,
        0.21379963967618776,
        0.052578278500829856,
        0.14540351289845588,
        0.24188723633139786,
        0.9163729157290278,
        0.42770724180976993,
        0.19742954814331448,
        0.5218288880394149,
        0.8067971177334143,
        0.51381764402713,
        0.300062152781261,
        0.9419822652244025,
        0.5782631253764117,
        0.9909912560224505,
        0.3856677212723537,
        0.48420251237964784,
        0.6733973756553745,
        0.35059327444259647,
        0.3793940358271498,
        0.535690750708409,
        0.9958126478368551,
        0.754302700540526
    ],
    "Iteration": 0
}