{
    "Reward": 155.87793638799994,
    "ActionSeedTrace": [
        0.3623402676223769,
        0.1497741895771354,
        0.83341373319839,
        0.7118478763247237,
        0.7922978743800725,
        0.506385810141629,
        0.37034128592063287,
        0.01918393896799353,
        0.3620156071441336,
        0.3504291239880266,
        0.8822283218390162,
        0.015257179377008956,
        0.6029342312097015,
        0.8880636910341041,
        0.10894612952012868,
        0.017498647227700347,
        0.7868129068343206,
        0.4054053282331605,
        0.014251623186345052,
        0.34960455208396735,
        0.12342041812216911,
        0.13904501758145238,
        0.032914968885819726
    ]
}