{
    "Reward": -1530.2466386980204,
    "ActionSeedTrace": [
        0.9983938395559976,
        0.346255943292455,
        0.9568662384176283,
        0.9536800815024487,
        0.7570259037006919,
        0.6790664678283185,
        0.7083376554196519,
        0.9226882220689808,
        0.8672763711765584,
        0.713414763242072,
        0.49224859870076765,
        0.7815689641232382,
        0.16514907283803282,
        0.20566808620824462,
        0.24534459792767427,
        0.8455789966108813,
        0.5030915177861175,
        0.9085533115127151,
        0.2792779172436368,
        0.7761691434648149,
        0.7963759025243341,
        0.6653608989391218,
        0.8255879007800968,
        0.1534728427575166,
        0.3532998639637499
    ],
    "Iteration": 0
}