{
    "Reward": -4735.815344249081,
    "ActionSeedTrace": [
        0.16016154959973494,
        0.8328877240018161,
        0.5632349383382802,
        0.26822533397008386,
        0.5752744430406623,
        0.30801520331852317,
        0.19584076163288466,
        0.7607384826779111,
        0.18056199901118608,
        0.31335133252765757,
        0.00409316682865235,
        0.7132825704547835,
        0.42481137741173847,
        0.014129515870359488,
        0.5351447921731908,
        0.7474462138355034,
        0.22954387133105014,
        0.38883841841112055,
        0.9207272203210921,
        0.9948582257878783,
        0.6884651499452502,
        0.08938179100770793,
        0.4095028734939601,
        0.591780987114788,
        0.6665369656280717
    ],
    "Iteration": 0
}