{
    "Reward": -2371.225392980789,
    "ActionSeedTrace": [
        0.9436745655773944,
        0.9626677807073974,
        0.31219348730697605,
        0.0023720839087642,
        0.4623248068136535,
        0.6351067275172224,
        0.7792833936682996,
        0.9107605012224032,
        0.5360975234469301,
        0.9666009867498379,
        0.15769876206062217,
        0.7055607148935317,
        0.809257193320147,
        0.7641919440369658,
        0.20096294858630803,
        0.6689382386173358,
        0.10162882530347639,
        0.10633082815321249,
        0.5717795178710547,
        0.12206252406968254,
        0.8384996932750037,
        0.14372097930396255,
        0.5176482810462486,
        0.3105646409270161,
        0.5199652028158492
    ],
    "Iteration": 0
}