{
    "Reward": -2368.7561001708614,
    "ActionSeedTrace": [
        0.7978751699465543,
        0.9389514495235917,
        0.6976725752122843,
        0.01942207559055087,
        0.2686019007750444,
        0.633325099209485,
        0.7154123254376384,
        0.8915318847426486,
        0.0670419210331098,
        0.21401747113605618,
        0.5787312305357203,
        0.4399600979482232,
        0.7666553684532705,
        0.5583973588699558,
        0.332871131575703,
        0.7521364999544918,
        0.5113658599696213,
        0.8545409648665458,
        0.47313039792173395,
        0.5664572483490966,
        0.811130470209996,
        0.175521418496298,
        0.13005158673153727,
        0.06753470567219177,
        0.2936973770524862
    ],
    "Iteration": 0
}