{
    "Reward": 78.14225011388885,
    "ActionSeedTrace": [
        0.42782203624977044,
        0.8071423516560671,
        0.34648791295990433,
        0.5928903629226782,
        0.7191120193605252,
        0.43581136088700495,
        0.46098205289734523,
        0.4422861235719863,
        0.41377788262725007,
        0.4896528816153641,
        0.4613916233678784,
        0.4482383910519502,
        0.4722718178074963,
        0.4918097945603812,
        0.4942058700404425,
        0.42697273968643523,
        0.4796536175122927,
        0.4589997282026702,
        0.45215701712890694,
        0.42181445014999996,
        0.4867972938815038,
        0.49220981284109827,
        0.4945770943871731,
        0.4607561114619512,
        0.4311188929591394,
        0.49228281895511417,
        0.49814971234996436,
        0.41032093856957075,
        0.41049842867877673,
        0.419526750645571,
        0.4135068443545854,
        0.4925963767358129,
        0.46684332290369507
    ],
    "Iteration": 64
}