{
    "Reward": -2365.5073088453646,
    "ActionSeedTrace": [
        0.05164934310157976,
        0.3793810760693541,
        0.54486242708836,
        0.9255243313642754,
        0.6046607787726486,
        0.43741540253273237,
        0.23601987509038502,
        0.5741057338723479,
        0.5125048226824956,
        0.21760647074773198,
        0.6913568388771215,
        0.6952377312886227,
        0.6671374225251336,
        0.5723741994789151,
        0.15355633409565217,
        0.40789056404838264,
        0.12424118622051417,
        0.9477639345573539,
        0.7327459716711501,
        0.14845862249816266,
        0.7038534886853964,
        0.8375267860350154,
        0.7089929241128794,
        0.0021643855734295725,
        0.029244673124762754
    ],
    "Iteration": 0
}