{
    "Reward": -1832.2203849096861,
    "ActionSeedTrace": [
        0.812224925381269,
        0.5576489580550199,
        0.32963043673507364,
        0.39095712073277034,
        0.8130891609160023,
        0.41347732580251373,
        0.42100927533094346,
        0.5174754213326578,
        0.5366358004766322,
        0.2682330013129861,
        0.1988350464231632,
        0.4505333074129928,
        0.667749155852077,
        0.3596210660290421,
        0.2997217098884888,
        0.613736998593608,
        0.8958390861997593,
        0.20754886763478864,
        0.6813393654573141,
        0.32101727732866636,
        0.9130245810714471,
        0.8857144874154372,
        0.8197481239178336,
        0.7937532940484151,
        0.543165985142343
    ],
    "Iteration": 0
}