{
    "Reward": -1695.5375233345364,
    "ActionSeedTrace": [
        0.1642701922663653,
        0.1927603479866169,
        0.58069203069232,
        0.09270573749761124,
        0.015026740646201686,
        0.6574319579875524,
        0.6288594158534845,
        0.7071770036409507,
        0.3131256114120329,
        0.3721495743995753,
        0.9292643165707161,
        0.9477024098631349,
        0.8453786843305188,
        0.43446766354167377,
        0.1558373459613741,
        0.42224140868821247,
        0.20673940501297017,
        0.0726498621709527,
        0.5556059124872964,
        0.8518109375419007,
        0.576254982560403,
        0.9636961361506833,
        0.08877120969163466,
        0.9637953448140131,
        0.08574709924515511
    ],
    "Iteration": 0
}