{
    "Reward": -1682.0668163966811,
    "ActionSeedTrace": [
        0.6684944703131195,
        0.45771051136709673,
        0.652708061029467,
        0.7158341755564315,
        0.4633517923192436,
        0.3536356897442462,
        0.9941267485724522,
        0.2036903329528723,
        0.5642077308869319,
        0.9862583647116782,
        0.3264454519005061,
        0.3973804392488811,
        0.09334448132934137,
        0.09687003828785445,
        0.21696935540034823,
        0.9273241909854256,
        0.21354839626327704,
        0.642047050936471,
        0.4445077867734476,
        0.6195653959567308,
        0.19051128771898063,
        0.47738449529834515,
        0.23606352956123877,
        0.35342025126260146,
        0.6164818742044527
    ],
    "Iteration": 0
}