{
    "Reward": -1579.1445149853039,
    "ActionSeedTrace": [
        0.23912180618635515,
        0.06607032475021413,
        0.42372733856188105,
        0.27800958377782803,
        0.8426938707305661,
        0.7070447947850963,
        0.9912516983868419,
        0.8634057406417662,
        0.2311102182375604,
        0.7756872695219567,
        0.5078972416029593,
        0.9315951373021291,
        0.2906367780171565,
        0.27523446467888446,
        0.5839961120761307,
        0.7727663615364174,
        0.2194156658229678,
        0.612150208746604,
        0.15738641203100612,
        0.47511023237947925,
        0.9368839879639812,
        0.4235481921467451,
        0.4561743729356392,
        0.9836478181324589,
        0.6602123863683201
    ],
    "Iteration": 0
}