{
    "Reward": -2368.9499365629104,
    "ActionSeedTrace": [
        0.011056100575286276,
        0.18466812632785878,
        0.05390979396976303,
        0.6510816427698639,
        0.8051078529046969,
        0.2553208925714998,
        0.9772465224253306,
        0.29751332148327525,
        0.7851671159216503,
        0.7988332311392095,
        0.05425225792554089,
        0.6926460262037908,
        0.4778359290182017,
        0.19425960374268803,
        0.9093525290699855,
        0.495265025359791,
        0.3698748952413864,
        0.020459130629966737,
        0.9028997311309966,
        0.7076307095883615,
        0.30836199874551173,
        0.39060229496291277,
        0.30566462680410555,
        0.5430689079556469,
        0.6819163077156914
    ],
    "Iteration": 0
}