{
    "Reward": -1401.307036098264,
    "ActionSeedTrace": [
        0.4849025939010897,
        0.4817823755940428,
        0.8653130729674405,
        0.6830372705845121,
        0.7041552102626312,
        0.26913113795500987,
        0.04660038800585142,
        0.980394744902578,
        0.31886283435088414,
        0.5650067992702851,
        0.7625355922998949,
        0.7445456005211963,
        0.6702477974660347,
        0.5824222444765578,
        0.12348577433331798,
        0.4350252727500954,
        0.2189530696089419,
        0.1819059133769978,
        0.11563636626111817,
        0.7452585424513458,
        0.6123842412020144,
        0.580326103961724,
        0.284774325398091,
        0.9958291075823767,
        0.9137939243248886
    ],
    "Iteration": 0
}