{
    "Reward": 84.20435375638118,
    "ActionSeedTrace": [
        0.1502383210216255,
        0.5028498006935435,
        0.40734655095381556,
        0.48323520479759985,
        0.5718357922540633,
        0.5262619031389517,
        0.23643282378874997,
        0.3548022172942341,
        0.35426561833931214,
        0.9932816065869925,
        0.5090058628135589,
        0.36605928266356413,
        0.13056615367400048,
        0.13068323745174826,
        0.9287354500389245,
        0.5618864135465942,
        0.583504499352395,
        0.5194475622135132,
        0.6773219843912274,
        0.5101299598334742
    ],
    "Iteration": 272
}