{
    "Reward": -1458.306745186705,
    "ActionSeedTrace": [
        0.021110077018092532,
        0.9354315460776118,
        0.2648217297929739,
        0.7392204277558428,
        0.09142326468836393,
        0.24193688331360608,
        0.1437961594769016,
        0.12604918789876884,
        0.22725919182038168,
        0.606942072123568,
        0.45430013291475746,
        0.6619179597434977,
        0.5300557021304374,
        0.333259398191024,
        0.5257502456251584,
        0.4040907400290501,
        0.18362731269075927,
        0.2022391502952221,
        0.2589347109165201,
        0.8484489639333108,
        0.023178939278739596,
        0.8682155066348882,
        0.2555545647699202,
        0.814772193707507,
        0.5631021158143658
    ],
    "Iteration": 0
}