{
    "Reward": -263.75132611551595,
    "ActionSeedTrace": [
        0.36227366125875327,
        0.13136755567842529,
        0.26997792211312893,
        0.720241584426652,
        0.7560089320091901,
        0.6389854155908439,
        0.5660883902823535,
        0.7350722264026309,
        0.5072488169961982,
        0.49885346169192624,
        0.6074574106366402,
        0.6612356474989856,
        0.3126867614431217,
        0.2479943756449302,
        0.06287948013484652,
        0.8105933939754333,
        0.9949802406453521,
        0.757521853332828,
        0.7431941834184118,
        0.4639446252327887,
        0.4455713463627693,
        0.3767162032444462,
        0.8214389909301161,
        0.8451852649338745,
        0.6151568395708021,
        0.8703537084323064,
        0.20418271423406797
    ],
    "Iteration": 50
}