{
    "Reward": -2361.6807044929124,
    "ActionSeedTrace": [
        0.7737688493648467,
        0.8288008779419365,
        0.5234607242192085,
        0.13330116487594124,
        0.8416558108478661,
        0.8961674922758837,
        0.7871343979503709,
        0.011687959562218908,
        0.6954803471864685,
        0.5077530977065008,
        0.05227382196678987,
        0.5156546391770168,
        0.013495659170003504,
        0.23359892596363352,
        0.021319542686928594,
        0.9851514998448402,
        0.11021831765067003,
        0.39638769157212483,
        0.11959206174471437,
        0.0699519006854682,
        0.49837282218294476,
        0.6392605391814744,
        0.082825228769137,
        0.4756060872252631,
        0.9280349938717737
    ],
    "Iteration": 0
}