{
    "Reward": 173.01055854922808,
    "ActionSeedTrace": [
        0.16698766073858629,
        0.22603795371730095,
        0.5844121776710266,
        0.5348802861985654,
        0.5747136584151613,
        0.5282777776392369,
        0.5539867604197977,
        0.5389437158861446,
        0.5301640165830426,
        0.5624473402573203,
        0.5402871404774885,
        0.5218599761086997,
        0.5529546597100398,
        0.50100582615059,
        0.5991786803576642,
        0.5357383060925682,
        0.5725369277786612,
        0.513185799702169,
        0.518430096241429,
        0.564278770376042,
        0.5988025982902981,
        0.5441513265846365,
        0.5220566241779367,
        0.5581720954633769,
        0.5219993473421523,
        0.5583814847966897,
        0.5151532782530817,
        0.5110654763727438,
        0.5013108488857322,
        0.5698571858240016,
        0.5747461932373279,
        0.5621011530612248,
        0.534541551296159,
        0.5739695470998074,
        0.5972277777379055,
        0.5452635858326248,
        0.5339450488251175,
        0.5645836535884344,
        0.5582352128249343,
        0.5133970154556718,
        0.5696844865083068,
        0.5116470549916443,
        0.5318248794677003,
        0.5214792680020772,
        0.5650673871348584,
        0.503402312333203,
        0.5276692743699909,
        0.561325313943191,
        0.5331163111620583,
        0.5413789878923473,
        0.5509024620794395,
        0.5399450363458328,
        0.5749842149956603,
        0.5989031441556851,
        0.5522221309990354,
        0.580651549855737,
        0.5967902468058395,
        0.542714718683559,
        0.5921864933806914,
        0.5628064669756038,
        0.5892908771920634,
        0.5428305497102076,
        0.5395112010903483,
        0.5195143973649651,
        0.5315044953847765,
        0.5801352015992448,
        0.5191958191361135,
        0.5315336248363992,
        0.512917913932361
    ],
    "Iteration": 18
}