{
    "Reward": -1401.307036098264,
    "ActionSeedTrace": [
        0.5030994960546668,
        0.21538868473454198,
        0.4668940913605184,
        0.06901681880051636,
        0.34057444261799374,
        0.5375148194211007,
        0.31549039224427733,
        0.7517423651391872,
        0.6093725843560559,
        0.382258808301312,
        0.44646104232251715,
        0.8163838400682013,
        0.017623623010582734,
        0.9675256670673901,
        0.49927701458770113,
        0.2767959257485151,
        0.5224115728068933,
        0.9952219833927046,
        0.4719408203562684,
        0.19864900837545296,
        0.1578041961958867,
        0.29100955639448445,
        0.7879583478015146,
        0.1259085343049906,
        0.4830572591102106
    ],
    "Iteration": 0
}