{
    "Reward": 150.75361297049625,
    "ActionSeedTrace": [
        0.16051312114799954,
        0.5541193709538845,
        0.41141355732649576,
        0.016342855218874575,
        0.4918319543791986,
        0.224079106042552,
        0.04705144404750816,
        0.8046965105077908,
        0.24820311882271406,
        0.41884344133200235,
        0.7400258530678923,
        0.9483739310692286,
        0.3410086929006786,
        0.09764525637381762,
        0.6715647507502499,
        0.07847785298133839,
        0.6447194998489114,
        0.4224245051294443,
        0.45299253113762894,
        0.7770192613627035,
        0.30654186687733753,
        0.6020609924654174,
        0.3893279321570827
    ]
}