{
    "Reward": -803.449027669194,
    "ActionSeedTrace": [
        0.6154642808907729,
        0.27773806532408796,
        0.37278052049298416,
        0.6448619268691415,
        0.252549930734394,
        0.18614466157268073,
        0.5015516457045424,
        0.9081798785832471,
        0.7923487486151121,
        0.8725004707504557,
        0.06478431000235318,
        0.36270986060377086,
        0.35215019264326286,
        0.6976195149544867,
        0.12572424285103279,
        0.8619900900778701,
        0.47565697427909825,
        0.5725767797156104,
        0.49812108557120993,
        0.12596819165075557,
        0.411163936346171,
        0.9211083317465207,
        0.6815440065378535,
        0.06634229606580133,
        0.9220603360381984
    ],
    "Iteration": 0
}