{
    "Reward": -1401.307036098264,
    "ActionSeedTrace": [
        0.013533491896009386,
        0.5445852693236892,
        0.2022580484242994,
        0.4957818264915098,
        0.08682624308745812,
        0.806062302750933,
        0.7911525107513093,
        0.9279811254548108,
        0.9144044449342864,
        0.6694745391475386,
        0.6189988795453212,
        0.530599672353033,
        0.7861930052879583,
        0.5827960044359758,
        0.48480747342592445,
        0.6754660499858625,
        0.6844435907628208,
        0.2922469833284407,
        0.5505610097066677,
        0.5971425853041842,
        0.36129236880870497,
        0.8686022059430443,
        0.17635185308224888,
        0.7770315593725755,
        0.2551594491449767
    ],
    "Iteration": 0
}