{
    "Reward": -464.9148404131144,
    "ActionSeedTrace": [
        0.7103347598779177,
        0.7765183413123854,
        0.9480520388713735,
        0.014310646360401913,
        0.5889979565473302,
        0.6351573053210415,
        0.45418852549082556,
        0.9078125611328824,
        0.10662693787597788,
        0.3628657790467371,
        0.6698080641461681,
        0.8457843517209811,
        0.5462213741959792,
        0.8844696387267361,
        0.413534468986251,
        0.07282522506205835,
        0.2217335311993629,
        0.43206810279828034,
        0.5284672572663658,
        0.7560385814537155,
        0.05990405577442737,
        0.3370902710768031,
        0.6537480447168593,
        0.04578767835051545,
        0.269324511285678
    ],
    "Iteration": 0
}