{
    "Reward": -1046.5352575972422,
    "ActionSeedTrace": [
        0.454445623423096,
        0.6425985027178001,
        0.2706265961399942,
        0.5562764494530693,
        0.6069904011691547,
        0.9837687271507431,
        0.47808575162270983,
        0.21700008108053237,
        0.5134042900497553,
        0.9829565668456381,
        0.8567497341142046,
        0.3492254665006742,
        0.7712036268901565,
        0.4046760671289654,
        0.32973065541190993,
        0.8654618521833337,
        0.7868505525853119,
        0.17361906739488353,
        0.4216698036640414,
        0.9026813020862464,
        0.689222751398552,
        0.09848040360134647,
        0.6086089469053932,
        0.7573597819181449,
        0.6857780067931178
    ],
    "Iteration": 0
}