{
    "Reward": -1742.3064418565484,
    "ActionSeedTrace": [
        0.4352996231899864,
        0.3335690524701975,
        0.014058408799649258,
        0.7583613840272955,
        0.49570613306723466,
        0.34507835542774057,
        0.8630767187882634,
        0.36696196209024456,
        0.13214031871720966,
        0.8197519447722491,
        0.6754376047106146,
        0.8233527595195935,
        0.7764487335492435,
        0.6636047241909618,
        0.053377013707577636,
        0.3518028850438707,
        0.5690821568669194,
        0.20950491602269894,
        0.39153134719666194,
        0.5844509067884744,
        0.954641118984871,
        0.7673731009085734,
        0.3674576854725453,
        0.13570904387494953,
        0.16014719378581
    ],
    "Iteration": 0
}