{
    "Reward": -1579.1445149853039,
    "ActionSeedTrace": [
        0.9191835955398328,
        0.9711922606387765,
        0.34092161995895487,
        0.2612326081654516,
        0.12873397109662732,
        0.46962090697776326,
        0.5945281385034356,
        0.8810596519594833,
        0.02410890054500281,
        0.005352035824773171,
        0.1600556441697233,
        0.8114243056400521,
        0.5018723111217444,
        0.9221864038858711,
        0.20682740178222558,
        0.960632723674346,
        0.49080546731454,
        0.9102957428661168,
        0.7005807663955346,
        0.31510264871448335,
        0.9115507784614031,
        0.6775104029982818,
        0.8329133460594762,
        0.2816598120780781,
        0.9220370108409098
    ],
    "Iteration": 0
}