{
    "Reward": -3408.482128411849,
    "ActionSeedTrace": [
        0.6088019030965958,
        0.016974967414311704,
        0.8058370439893272,
        0.336026582136412,
        0.10793586130076716,
        0.06401958266829944,
        0.5593941052602224,
        0.3011990204536905,
        0.08431768151875463,
        0.1727896924844896,
        0.31288188030651665,
        0.16580799679357439,
        0.7617225187943482,
        0.2132032086428195,
        0.6075087242397287,
        0.8450105601339108,
        0.5887530345129837,
        0.1190001077987296,
        0.5738899777495764,
        0.5289101363635069,
        0.46312789326393844,
        0.09467471448476994,
        0.6214690124738197,
        0.1193851236501936,
        0.26319331290595915
    ],
    "Iteration": 0
}