{
    "Reward": -4929.096669343647,
    "ActionSeedTrace": [
        0.8660784198368693,
        0.18029228879233083,
        0.2286373555898772,
        0.45131614012492416,
        0.5545579337609605,
        0.8729253011070345,
        0.5012504464862432,
        0.8130827097061625,
        0.6376135622394354,
        0.715909178877581,
        0.27093464902421405,
        0.09744367955935729,
        0.8389338349910541,
        0.8478394464132373,
        0.6541066451849139,
        0.5233159544794137,
        0.9113331103693689,
        0.8377618533900411,
        0.9907989390923145,
        0.6940655331094017,
        0.940433571755804,
        0.08931782061290805,
        0.06169796557323726,
        0.13823252479294168,
        0.19437151328088198
    ],
    "Iteration": 0
}