{
    "Reward": -999.0494356236222,
    "ActionSeedTrace": [
        0.09356559966654643,
        0.27748423300287806,
        0.15503466501421925,
        0.5396915022653928,
        0.6827591866201422,
        0.17457915418055403,
        0.02267906628016636,
        0.24729391935237655,
        0.4642303682461484,
        0.24982019515888354,
        0.6300100518707321,
        0.7238679350879929,
        0.7648943134508295,
        0.4726670774958559,
        0.9472210242148336,
        0.1395244957249091,
        0.47520035372766056,
        0.6319033235052148,
        0.1705583577697216,
        0.8148496849224152,
        0.40952341307726403,
        0.10590215553647986,
        0.0925745008594645,
        0.7814360013692949,
        0.5123176746245475,
        0.4727490971241224,
        0.09627517326481505
    ],
    "Iteration": 0
}