{
    "Reward": 150.64090122886773,
    "ActionSeedTrace": [
        0.23071593973861126,
        0.9129578991803319,
        0.37918912999818954,
        0.3761264340230607,
        0.40089595512025544,
        0.6231880212107825,
        0.26742922054534357,
        0.5933600321717745,
        0.7647022808811553,
        0.27942739396575855,
        0.2615001099792815,
        0.4181130396941146,
        0.46627916209292386,
        0.4683319245008985,
        0.4548039881353777,
        0.46761611349122256,
        0.4895363857494688,
        0.4475953845517385,
        0.49077908127799064,
        0.45984827761858166,
        0.464576861776493,
        0.48009657159106894,
        0.4734647797213034,
        0.4541872239491995,
        0.41867431206438854,
        0.00013061983072513162,
        0.028555750057451767
    ],
    "Iteration": 406
}