{
    "Reward": -1458.306745186705,
    "ActionSeedTrace": [
        0.5956126723234433,
        0.03458374752934634,
        0.9749271080227682,
        0.5636668638944564,
        0.37862464131289275,
        0.7388628777933572,
        0.6174707220989117,
        0.4626218780167741,
        0.05013906257431355,
        0.4857176733408497,
        0.5850447872898351,
        0.720822287954778,
        0.9489710325705052,
        0.5692104255483,
        0.16747297012474616,
        0.15658236840581086,
        0.7064048398197769,
        0.1998745936711641,
        0.7266530422734363,
        0.046372962343557034,
        0.4652855135619476,
        0.9875110728280337,
        0.9312162387465482,
        0.8482637795807979,
        0.6534687537939154
    ],
    "Iteration": 0
}