{
    "Reward": -993.2482696493948,
    "ActionSeedTrace": [
        0.22195942068953733,
        0.6877815219443806,
        0.425364797337336,
        0.9806844199702557,
        0.14315661408597635,
        0.07225686336171311,
        0.21210698198072708,
        0.8332696765506273,
        0.4917143697882135,
        0.03416183448126908,
        0.26325863117264225,
        0.39530501363550963,
        0.9787263767007609,
        0.6753942969006246,
        0.641161575790674,
        0.9527277294405665,
        0.6222065547081014,
        0.5515467211571263,
        0.5606113707922336,
        0.11290523941687536,
        0.5006846425232743,
        0.09930615903177686,
        0.9033862352610615,
        0.05431732734277739,
        0.40079309484329506
    ],
    "Iteration": 0
}