{
    "Reward": -1697.2068685418737,
    "ActionSeedTrace": [
        0.9823197159175204,
        0.061510737726243936,
        0.2880995727733502,
        0.7806520967078517,
        0.3207479465769314,
        0.05177356916982856,
        0.750021251393359,
        0.1157871188279207,
        0.6624889892300552,
        0.7007343911194336,
        0.6329444612678917,
        0.12831169432143502,
        0.8326439637888267,
        0.06886134430197062,
        0.3635940479949341,
        0.03023611809471789,
        0.2908784017411555,
        0.79461966728384,
        0.04364633780318311,
        0.1682791015588895,
        0.006744513392459328,
        0.1851883538156856,
        0.01185508055933765,
        0.2956340188492885,
        0.0181213687537078
    ],
    "Iteration": 350
}