{
    "Reward": -4095.1213130049864,
    "ActionSeedTrace": [
        0.36843798544602846,
        0.766299934842762,
        0.1097268794232844,
        0.08696668678188335,
        0.1737768431700636,
        0.5854224656582326,
        0.4915441692216185,
        0.5279590713038685,
        0.5253935091995783,
        0.628724636460009,
        0.2954165074943522,
        0.28246922704909694,
        0.9852868188644217,
        0.6153374601525793,
        0.17081930402929313,
        0.18922869495482275,
        0.01719868629861243,
        0.43568701380290087,
        0.1307834362364111,
        0.690493157883821,
        0.9823503771786896,
        0.3339220335566744,
        0.6671708484920598,
        0.9737355481536092,
        0.6867638053250722
    ],
    "Iteration": 0
}