{
    "Reward": -1458.306745186705,
    "ActionSeedTrace": [
        0.33943401288143327,
        0.6164392899085467,
        0.021743310165294072,
        0.4032374886530353,
        0.7892689259229998,
        0.45466576742215636,
        0.7525676119514869,
        0.7027402253302673,
        0.6591723485504929,
        0.4668174320255388,
        0.031120896331570003,
        0.1012938331993315,
        0.6452678316977608,
        0.10727249348236922,
        0.526526894948571,
        0.5286408846723966,
        0.015310672877329345,
        0.5080560253697665,
        0.9030800126635816,
        0.20944207091038536,
        0.25865343280547326,
        0.34906938812658583,
        0.598397541106495,
        0.038846445567755294,
        0.4225700760118206
    ],
    "Iteration": 0
}