{
    "Reward": -4928.998376952461,
    "ActionSeedTrace": [
        0.9299207509197644,
        0.20763597412824486,
        0.4866791729479485,
        0.6999753174033608,
        0.15026673974314486,
        0.8067605319069754,
        0.5268552066225455,
        0.023528713430574277,
        0.5812195893776038,
        0.8156047689658229,
        0.05347343387709291,
        0.4936964037610847,
        0.17236805418663215,
        0.510558383553736,
        0.4710670421914326,
        0.07542051425915941,
        0.9948332006210125,
        0.07767875652642386,
        0.03207224721883972,
        0.0061281156017441996,
        0.6713501180412836,
        0.7639033706038727,
        0.28835580856088194,
        0.30512746113507117,
        0.3019789986094179
    ],
    "Iteration": 0
}