{
    "Reward": -2370.2540273125896,
    "ActionSeedTrace": [
        0.8998933517661366,
        0.2244117428496577,
        0.4767626959729333,
        0.7622751164244597,
        0.17657483648295147,
        0.7836387727538712,
        0.27241787479304125,
        0.24805347865196348,
        0.5303007269114106,
        0.959324724020761,
        0.07280367661557097,
        0.4648243081109339,
        0.8255060054676813,
        0.02274356824202972,
        0.6690045500552261,
        0.8834149980363409,
        0.7927309108746649,
        0.5159092179783168,
        0.847167915891102,
        0.2657971807943824,
        0.16826086928357686,
        0.14978814228801018,
        0.9440616468282804,
        0.8028754460788393,
        0.09707726038729836
    ],
    "Iteration": 0
}